Workbook
Name NativeTimeline_Order_Date: #N/A
Name Slicer_Region: #N/A

Sheet DashBoard
A50: Sales | D50: Scenario Summary | J50: SUMMARY OUTPUT
F51: Current Values: | G51: Low Discount | H51: High Discount
A52: Mean | B52: 976.0888 | G52: Created by DELL on 28-04-2026 | H52: Created by DELL on 28-04-2026 | J52: Regression Statistics
A53: Standard Error | B53: 21.16185 | D53: Changing Cells: | J53: Multiple R | K53: 0.77340306
A54: Median | B54: 976.72 | E54: $G$2 | F54: 0.2 | G54: 0.05 | H54: 0.4 | J54: R Square | K54: 0.5981523
A55: Mode | B55: #N/A | D55: Result Cells: | J55: Adjusted R Square | K55: 0.59612277
A56: Standard Deviation | B56: 299.27376 | E56: $I$2 | F56: 828.872 | G56: 984.2855 | H56: 621.654 | J56: Standard Error | K56: 86.281231
A57: Sample Variance | B57: 89564.783 | D57: Notes: Current Values column represents values of changing cells at | J57: Observations | K57: 200
A58: Kurtosis | B58: -0.088595232 | D58: time Scenario Summary Report was created. Changing cells for each
A59: Skewness | B59: 0.14685797 | D59: scenario are highlighted in gray. | J59: ANOVA
A60: Range | B60: 1665.15 | K60: df | L60: SS | M60: MS | N60: F | O60: Significance F
A61: Minimum | B61: 258.51 | J61: Regression | K61: 1 | L61: 2194058.2 | M61: 2194058.2 | N61: 294.72398 | O61: 4.6269368e-41
A62: Maximum | B62: 1923.66 | J62: Residual | K62: 198 | L62: 1474001.2 | M62: 7444.4507
A63: Sum | B63: 195217.76 | J63: Total | K63: 199 | L63: 3668059.4
A64: Count | B64: 200
B65: 1 | K65: Coefficients | L65: Standard Error | M65: t Stat | N65: P-value | O65: Lower 95% | P65: Upper 95% | Q65: Lower 95.0% | R65: Upper 95.0%
J66: Intercept | K66: -1.0315505 | L66: 20.860617 | M66: -0.049449663 | N66: 0.9606108 | O66: -42.169052 | P66: 40.105951 | Q66: -42.169052 | R66: 40.105951
J67: Sales | K67: 0.35085599 | L67: 0.020437189 | M67: 17.167527 | N67: 4.6269368e-41 | O67: 0.3105535 | P67: 0.39115848 | Q67: 0.3105535 | R67: 0.39115848

Sheet Project Instructions
A1: PR. 2 Analyzer
A2: Topics: - Conditional Formatting - WHAT IF Analysis - Linear Regression (Using Data Analysis Toolpak) - Data Analysis Feature (Descriptive Stats, Regression, Histogram) - Data Storytelling - Add Symbols or Arrows in Custom Formatting - Create Timestamp - Find High-Value Customers using Groupby(), index(), and match() combination - Advanced Descriptive Analytics - Pivot Table with Dashboard - Creating bar charts - Creating line charts - Creating pie charts Main Tasks: 1. Apply conditional formatting to highlight top 10 customers based on total purchase. 2. Perform WHAT IF Analysis to see impact of changing discount on total profit. 3. Use Data Analysis Toolpak to run Linear Regression (Profit vs Sales). 4. Use 'Descriptive Statistics' from Analysis Toolpak on the dataset. 5. Add up/down arrows on monthly sales growth. 6. Create a timestamp column using NOW(). 7. Identify high-value customers using index(), match(), and filters. 8. Create Pivot Table to analyze total sales by region and product. 9. Create bar, line, and pie charts to visualize KPIs. 10. Summarize insights using a dashboard. Deliverable: Complete the given worksheet by applying the required formulas in respective sheets.

Sheet Dataset
A1: Customer_ID | B1: Customer_Name | C1: Region | D1: Product_Category | E1: Sales | F1: Quantity | G1: Discount | H1: Order_Date | I1: Profit | J1: Growth | K1: Time | L1: Sep. Date | M1: avg
A2: CUST019 | B2: James Davis | C2: West | D2: Books | E2: 1036.09 | F2: 4 | G2: 0.2 | H2: 45392 | I2: =E2 - (E2 * G2) -> 828.872 | J2: =(E3-E2)/E2 -> 0.062919244 | K2: =IF(A2<>"", IF(K2>1, K2, NOW()), "") -> 46140.516 | L2: =TEXT(H2, "MMM-YY") -> Apr-24 | M2: =SUBTOTAL(1, $G:$G) -> 0.0973
A3: CUST012 | B3: Robert Anderson | C3: West | D3: Clothing | E3: 1101.28 | F3: 3 | G3: 0.2 | H3: 45393 | I3: =E3 - (E3 * G3) -> 881.024 | J3: =(E4-E3)/E3 -> -0.35226282 | K3: =IF(A3<>"", IF(K3>1, K3, NOW()), "") -> 46140.516 | L3: =TEXT(H3, "MMM-YY") -> Apr-24
A4: CUST017 | B4: James Taylor | C4: East | D4: Books | E4: 713.34 | F4: 17 | G4: 0 | H4: 45396 | I4: =E4 - (E4 * G4) -> 713.34 | J4: =(E5-E4)/E4 -> 0.06671433 | K4: =IF(A4<>"", IF(K4>1, K4, NOW()), "") -> 46140.516 | L4: =TEXT(H4, "MMM-YY") -> Apr-24
A5: CUST005 | B5: Robert Anderson | C5: South | D5: Electronics | E5: 760.93 | F5: 4 | G5: 0.15 | H5: 45396 | I5: =E5 - (E5 * G5) -> 646.7905 | J5: =(E6-E5)/E5 -> 0.11311159 | K5: =IF(A5<>"", IF(K5>1, K5, NOW()), "") -> 46140.516 | L5: =TEXT(H5, "MMM-YY") -> Apr-24
A6: CUST030 | B6: James Wilson | C6: North | D6: Books | E6: 847 | F6: 12 | G6: 0.2 | H6: 45397 | I6: =E6 - (E6 * G6) -> 677.6 | J6: =(E7-E6)/E6 -> 0.14007084 | K6: =IF(A6<>"", IF(K6>1, K6, NOW()), "") -> 46140.516 | L6: =TEXT(H6, "MMM-YY") -> Apr-24
A7: CUST007 | B7: Michael Anderson | C7: North | D7: Furniture | E7: 965.64 | F7: 8 | G7: 0.1 | H7: 45398 | I7: =E7 - (E7 * G7) -> 869.076 | J7: =(E8-E7)/E7 -> 0.36441117 | K7: =IF(A7<>"", IF(K7>1, K7, NOW()), "") -> 46140.516 | L7: =TEXT(H7, "MMM-YY") -> Apr-24
A8: CUST001 | B8: Linda Wilson | C8: West | D8: Electronics | E8: 1317.53 | F8: 12 | G8: 0.05 | H8: 45398 | I8: =E8 - (E8 * G8) -> 1251.6535 | J8: =(E9-E8)/E8 -> -0.18448157 | K8: =IF(A8<>"", IF(K8>1, K8, NOW()), "") -> 46140.516 | L8: =TEXT(H8, "MMM-YY") -> Apr-24
A9: CUST026 | B9: Mary Davis | C9: East | D9: Furniture | E9: 1074.47 | F9: 6 | G9: 0.2 | H9: 45401 | I9: =E9 - (E9 * G9) -> 859.576 | J9: =(E10-E9)/E9 -> -0.53322103 | K9: =IF(A9<>"", IF(K9>1, K9, NOW()), "") -> 46140.516 | L9: =TEXT(H9, "MMM-YY") -> Apr-24
A10: CUST009 | B10: Linda Jackson | C10: Central | D10: Books | E10: 501.54 | F10: 11 | G10: 0.05 | H10: 45401 | I10: =E10 - (E10 * G10) -> 476.463 | J10: =(E11-E10)/E10 -> 0.47009212 | K10: =IF(A10<>"", IF(K10>1, K10, NOW()), "") -> 46140.516 | L10: =TEXT(H10, "MMM-YY") -> Apr-24
A11: CUST010 | B11: David Thomas | C11: Central | D11: Clothing | E11: 737.31 | F11: 2 | G11: 0.05 | H11: 45401 | I11: =E11 - (E11 * G11) -> 700.4445 | J11: =(E12-E11)/E11 -> 1.1331869 | K11: =IF(A11<>"", IF(K11>1, K11, NOW()), "") -> 46140.516 | L11: =TEXT(H11, "MMM-YY") -> Apr-24
A12: CUST014 | B12: Emma Davis | C12: West | D12: Office Supplies | E12: 1572.82 | F12: 6 | G12: 0.05 | H12: 45402 | I12: =E12 - (E12 * G12) -> 1494.179 | J12: =(E13-E12)/E12 -> -0.14603705 | K12: =IF(A12<>"", IF(K12>1, K12, NOW()), "") -> 46140.516 | L12: =TEXT(H12, "MMM-YY") -> Apr-24
A13: CUST014 | B13: David Thomas | C13: Central | D13: Books | E13: 1343.13 | F13: 14 | G13: 0.16 | H13: 45404 | I13: =E13 - (E13 * G13) -> 1128.2292 | J13: =(E14-E13)/E13 -> -0.11283346 | K13: =IF(A13<>"", IF(K13>1, K13, NOW()), "") -> 46140.516 | L13: =TEXT(H13, "MMM-YY") -> Apr-24
A14: CUST007 | B14: Michael Anderson | C14: Central | D14: Books | E14: 1191.58 | F14: 14 | G14: 0.05 | H14: 45406 | I14: =E14 - (E14 * G14) -> 1132.001 | J14: =(E15-E14)/E14 -> -0.30992464 | K14: =IF(A14<>"", IF(K14>1, K14, NOW()), "") -> 46140.516 | L14: =TEXT(H14, "MMM-YY") -> Apr-24
... A201: CUST016 | B201: David Thomas | C201: South | D201: Clothing | E201: 928.32 | F201: 2 | G201: 0.05 | H201: 45754 | I201: =E201 - (E201 * G201) -> 881.904 | J201: =(E202-E201)/E201 -> -1 | K201: =IF(A201<>"", IF(K201>1, K201, NOW()), "") -> 46140.516 | L201: =TEXT(H201, "MMM-YY") -> Apr-25

Sheet Analysis
A2: High Value Customer | E2: Sales
A3: Rank | B3: Customer_Name | C3: Profit
A4: 1 | B4: =INDEX(Dataset!$B:$B,MATCH(LARGE(Dataset!$I:$I,A4),Dataset!$I:$I,0)) -> James Wilson | C4: =LARGE(Dataset!$I:$I,A4) -> 1538.928 | E4: Mean | F4: 976.0888
A5: 2 | B5: =INDEX(Dataset!$B:$B,MATCH(LARGE(Dataset!$I:$I,A5),Dataset!$I:$I,0)) -> Emma Davis | C5: =LARGE(Dataset!$I:$I,A5) -> 1494.179 | E5: Standard Error | F5: 21.16185
A6: 3 | B6: =INDEX(Dataset!$B:$B,MATCH(LARGE(Dataset!$I:$I,A6),Dataset!$I:$I,0)) -> David Brown | C6: =LARGE(Dataset!$I:$I,A6) -> 1493.49 | E6: Median | F6: 976.72
A7: 4 | B7: =INDEX(Dataset!$B:$B,MATCH(LARGE(Dataset!$I:$I,A7),Dataset!$I:$I,0)) -> Sarah Davis | C7: =LARGE(Dataset!$I:$I,A7) -> 1443.98 | E7: Mode | F7: #N/A
A8: 5 | B8: =INDEX(Dataset!$B:$B,MATCH(LARGE(Dataset!$I:$I,A8),Dataset!$I:$I,0)) -> Linda Brown | C8: =LARGE(Dataset!$I:$I,A8) -> 1410.59 | E8: Standard Deviation | F8: 299.27376
A9: 6 | B9: =INDEX(Dataset!$B:$B,MATCH(LARGE(Dataset!$I:$I,A9),Dataset!$I:$I,0)) -> David Anderson | C9: =LARGE(Dataset!$I:$I,A9) -> 1384.093 | E9: Sample Variance | F9: 89564.783
A10: 7 | B10: =INDEX(Dataset!$B:$B,MATCH(LARGE(Dataset!$I:$I,A10),Dataset!$I:$I,0)) -> Mary Wilson | C10: =LARGE(Dataset!$I:$I,A10) -> 1360.36 | E10: Kurtosis | F10: -0.088595232
A11: 8 | B11: =INDEX(Dataset!$B:$B,MATCH(LARGE(Dataset!$I:$I,A11),Dataset!$I:$I,0)) -> Mary Davis | C11: =LARGE(Dataset!$I:$I,A11) -> 1351.007 | E11: Skewness | F11: 0.14685797
A12: 9 | B12: =INDEX(Dataset!$B:$B,MATCH(LARGE(Dataset!$I:$I,A12),Dataset!$I:$I,0)) -> Emma Wilson | C12: =LARGE(Dataset!$I:$I,A12) -> 1350.33 | E12: Range | F12: 1665.15
A13: 10 | B13: =INDEX(Dataset!$B:$B,MATCH(LARGE(Dataset!$I:$I,A13),Dataset!$I:$I,0)) -> James Wilson | C13: =LARGE(Dataset!$I:$I,A13) -> 1344.968 | E13: Minimum | F13: 258.51
E14: Maximum | F14: 1923.66
E15: Sum | F15: 195217.76
E16: Count | F16: 200
F17: 1
A23: SUMMARY OUTPUT
A25: Regression Statistics
A26: Multiple R | B26: 0.77340306
A27: R Square | B27: 0.5981523
A28: Adjusted R Square | B28: 0.59612277
A29: Standard Error | B29: 86.281231
A30: Observations | B30: 200
A32: ANOVA
B33: df | C33: SS | D33: MS | E33: F | F33: Significance F
A34: Regression | B34: 1 | C34: 2194058.2 | D34: 2194058.2 | E34: 294.72398 | F34: 4.6269368e-41
A35: Residual | B35: 198 | C35: 1474001.2 | D35: 7444.4507
A36: Total | B36: 199 | C36: 3668059.4
B38: Coefficients | C38: Standard Error | D38: t Stat | E38: P-value | F38: Lower 95% | G38: Upper 95% | H38: Lower 95.0% | I38: Upper 95.0%
A39: Intercept | B39: -1.0315505 | C39: 20.860617 | D39: -0.049449663 | E39: 0.9606108 | F39: -42.169052 | G39: 40.105951 | H39: -42.169052 | I39: 40.105951
A40: Sales | B40: 0.35085599 | C40: 0.020437189 | D40: 17.167527 | E40: 4.6269368e-41 | F40: 0.3105535 | G40: 0.39115848 | H40: 0.3105535 | I40: 0.39115848

Sheet Charts
A1: Bar Chart
A3: Sum of Sales | B3: Column Labels
A4: Row Labels | B4: Books | C4: Clothing | D4: Electronics | E4: Furniture | F4: Office Supplies | G4: Grand Total
A5: Central | B5: 11297.15 | C5: 12200.26 | D5: 6621.24 | E5: 4876.96 | F5: 8472.72 | G5: 43468.33
A6: East | B6: 11389.09 | C6: 2401.45 | D6: 2869.54 | E6: 7592.34 | F6: 8189.22 | G6: 32441.64
A7: North | B7: 8037.01 | C7: 8422.82 | D7: 8191.71 | E7: 6978.08 | F7: 3345.8 | G7: 34975.42
A8: South | B8: 9588.04 | C8: 8393.63 | D8: 11989.07 | E8: 7982.73 | F8: 2295.32 | G8: 40248.79
A9: West | B9: 6691.17 | C9: 10509.43 | D9: 11372.44 | E9: 9182.78 | F9: 6327.76 | G9: 44083.58
A10: Grand Total | B10: 47002.46 | C10: 41927.59 | D10: 41044 | E10: 36612.89 | F10: 28630.82 | G10: 195217.76
A29: Pie Chart
A32: Row Labels | B32: Sum of Sales
A33: Central | B33: 43468.33
A34: East | B34: 32441.64
A35: North | B35: 34975.42
A36: South | B36: 40248.79
A37: West | B37: 44083.58
A38: Grand Total | B38: 195217.76
A49: Line Chart
A52: Sum of Profit | B52: Column Labels
A53: Row Labels | B53: 2025 | C53: Grand Total
A54: Jan | B54: 5763.4 | C54: 5763.4
A55: Feb | B55: 5039.23 | C55: 5039.23
A56: Mar | B56: 7071.39 | C56: 7071.39
A57: Apr | B57: 1398.85 | C57: 1398.85
A58: Grand Total | B58: 19272.87 | C58: 19272.87

Sheet Scenario Summary
B2: Scenario Summary
D3: Current Values: | E3: Low Discount | F3: High Discount
E4: Created by DELL on 28-04-2026 | F4: Created by DELL on 28-04-2026
B5: Changing Cells:
C6: $G$2 | D6: 0.2 | E6: 0.05 | F6: 0.4
B7: Result Cells:
C8: $I$2 | D8: 828.872 | E8: 984.2855 | F8: 621.654
B9: Notes: Current Values column represents values of changing cells at
B10: time Scenario Summary Report was created. Changing cells for each
B11: scenario are highlighted in gray.
